t1time,t1concentration,t1saturation,t1temp,t2time,t2concentration,t2saturation,t2temp,t3time,t3concentration,t3saturation,t3temp,t4time,t4concentration,t4saturation,t4temp,t5time,t5concentration,t5saturation,t5temp,t6time,t6concentration,t6saturation,t6temp,t7time,t7concentration,t7saturation,t7temp
768,0.47,5.4,22.4,864,0.54,6.2,22.4,666,0.43,4.9,22.5,901,0.46,5.3,22,208,7.6,87,22.2,410,4.46,51.1,22.3,574,0.45,5.1,22.3
770,0.48,5.6,22.4,866,0.56,6.5,22.4,668,0.43,5,22.4,902,0.47,5.4,22.1,210,7.58,86.8,22.2,412,4.5,51.5,22.3,576,0.45,5.2,22.3
772,0.5,5.7,22.4,868,0.59,6.8,22.4,670,0.44,5,22.5,903,0.48,5.4,22,212,7.58,86.8,22.2,414,4.54,52,22.3,578,0.46,5.3,22.3
774,0.52,5.9,22.4,870,0.62,7.1,22.4,672,0.45,5.1,22.4,904,0.48,5.5,22,214,7.6,86.9,22.2,416,4.58,52.5,22.3,580,0.47,5.4,22.3
776,0.53,6.1,22.4,872,0.65,7.4,22.4,674,0.46,5.3,22.4,905,0.49,5.6,22.1,216,7.61,87.1,22.2,418,4.61,52.8,22.3,582,0.49,5.6,22.3
778,0.55,6.4,22.4,874,0.68,7.8,22.4,676,0.47,5.4,22.4,906,0.5,5.7,22.1,218,7.63,87.3,22.2,420,4.63,53.1,22.3,584,0.5,5.7,22.3
780,0.58,6.6,22.4,876,0.72,8.2,22.4,678,0.48,5.5,22.5,907,0.51,5.8,22,220,7.63,87.3,22.2,422,4.67,53.5,22.3,586,0.51,5.9,22.3
782,0.6,6.9,22.4,878,0.76,8.7,22.4,680,0.5,5.7,22.5,908,0.51,5.9,22.1,222,7.61,87,22.2,424,4.72,54.1,22.3,588,0.53,6.1,22.3
784,0.62,7.1,22.4,880,0.8,9.2,22.4,682,0.52,6,22.5,909,0.52,6,22,224,7.58,86.8,22.2,426,4.76,54.5,22.3,590,0.56,6.4,22.3
786,0.64,7.4,22.4,882,0.84,9.6,22.4,684,0.55,6.3,22.5,910,0.53,6.1,22,226,7.6,87,22.2,428,4.79,54.9,22.3,592,0.58,6.7,22.3
788,0.67,7.7,22.4,884,0.88,10.1,22.4,686,0.58,6.6,22.5,911,0.55,6.2,22,228,7.67,87.8,22.2,430,4.84,55.5,22.3,594,0.62,7.1,22.3
790,0.69,8,22.4,886,0.92,10.6,22.4,688,0.61,7,22.5,912,0.56,6.3,22,230,7.73,88.5,22.2,432,4.91,56.3,22.3,596,0.65,7.5,22.3
792,0.73,8.3,22.4,888,0.97,11.1,22.4,690,0.64,7.4,22.4,913,0.57,6.5,22,232,7.76,88.8,22.2,434,4.98,57.1,22.3,598,0.68,7.9,22.3
794,0.76,8.8,22.4,890,1.02,11.7,22.4,692,0.68,7.8,22.4,914,0.58,6.6,22.1,234,7.78,89,22.2,436,5.03,57.6,22.3,600,0.72,8.3,22.3
796,0.8,9.2,22.4,892,1.07,12.3,22.4,694,0.72,8.2,22.5,915,0.59,6.8,22.1,236,7.79,89.1,22.2,438,5.07,58.1,22.3,602,0.76,8.7,22.3
798,0.83,9.6,22.4,894,1.12,12.9,22.4,696,0.76,8.7,22.5,916,0.61,6.9,22.1,238,7.79,89.1,22.2,440,5.12,58.6,22.3,604,0.8,9.2,22.3
800,0.87,9.9,22.4,896,1.17,13.4,22.4,698,0.8,9.2,22.5,917,0.62,7.1,22.1,240,7.77,88.9,22.2,442,5.16,59.2,22.3,606,0.85,9.7,22.3
802,0.9,10.3,22.4,898,1.22,14,22.4,700,0.84,9.7,22.5,918,0.64,7.3,22.1,242,7.76,88.8,22.2,444,5.2,59.6,22.3,608,0.89,10.2,22.3
804,0.94,10.8,22.4,900,1.27,14.6,22.4,702,0.89,10.3,22.5,919,0.65,7.4,22.1,244,7.77,88.9,22.2,446,5.24,60,22.3,610,0.94,10.8,22.3
806,0.98,11.2,22.4,902,1.32,15.2,22.4,704,0.94,10.9,22.5,920,0.67,7.6,22.1,246,7.8,89.2,22.2,448,5.26,60.3,22.3,612,0.99,11.3,22.3
808,1.02,11.7,22.4,904,1.37,15.8,22.4,706,1,11.4,22.5,921,0.68,7.8,22.1,248,7.83,89.6,22.2,450,5.28,60.5,22.3,614,1.03,11.8,22.3
810,1.06,12.1,22.4,906,1.42,16.3,22.4,708,1.05,12.1,22.5,922,0.7,8,22.1,250,7.85,89.8,22.2,452,5.31,60.8,22.3,616,1.08,12.4,22.3
812,1.09,12.6,22.4,908,1.47,16.9,22.4,710,1.1,12.7,22.5,923,0.72,8.2,22.1,252,7.86,90,22.2,454,5.34,61.2,22.3,618,1.13,12.9,22.3
814,1.13,12.9,22.4,910,1.52,17.5,22.4,712,1.16,13.3,22.5,924,0.74,8.4,22.1,254,7.86,90,22.2,456,5.38,61.6,22.3,620,1.18,13.5,22.3
816,1.16,13.3,22.4,912,1.57,18.1,22.4,714,1.21,13.9,22.5,925,0.76,8.6,22.1,256,7.86,89.9,22.2,458,5.4,61.9,22.3,622,1.22,14,22.3
818,1.19,13.6,22.4,914,1.63,18.7,22.4,716,1.26,14.5,22.5,926,0.77,8.8,22.1,258,7.86,89.9,22.2,460,5.42,62.2,22.3,624,1.27,14.6,22.3
820,1.22,14,22.4,916,1.68,19.3,22.4,718,1.31,15.1,22.5,927,0.79,9.1,22.1,260,7.88,90.2,22.2,462,5.45,62.5,22.3,626,1.33,15.2,22.3
822,1.25,14.4,22.4,918,1.73,19.9,22.4,720,1.36,15.7,22.5,928,0.81,9.3,22.1,262,7.9,90.4,22.2,464,5.5,63,22.3,628,1.38,15.8,22.3
824,1.28,14.7,22.4,920,1.78,20.4,22.4,722,1.42,16.3,22.4,929,0.83,9.5,22.1,264,7.92,90.6,22.2,466,5.56,63.7,22.3,630,1.43,16.4,22.3
826,1.32,15.1,22.4,922,1.83,21.1,22.4,724,1.47,16.9,22.4,930,0.85,9.7,22.1,266,7.92,90.6,22.2,468,5.62,64.4,22.3,632,1.48,17,22.3
828,1.36,15.6,22.4,924,1.88,21.7,22.4,726,1.53,17.6,22.4,931,0.87,10,22.1,268,7.9,90.4,22.2,470,5.67,64.9,22.3,634,1.54,17.7,22.3
830,1.41,16.2,22.4,926,1.94,22.3,22.4,728,1.59,18.3,22.4,932,0.9,10.2,22.1,270,7.86,90,22.2,472,5.7,65.4,22.3,636,1.6,18.4,22.3
832,1.46,16.7,22.4,928,1.99,22.8,22.4,730,1.65,19,22.5,933,0.92,10.5,22.1,272,7.84,89.7,22.2,474,5.73,65.7,22.3,638,1.66,19.1,22.3
834,1.5,17.2,22.4,930,2.04,23.4,22.4,732,1.71,19.7,22.5,934,0.95,10.8,22.1,274,7.85,89.9,22.2,476,5.77,66.1,22.3,640,1.72,19.7,22.3
836,1.54,17.7,22.4,932,2.08,23.9,22.4,734,1.77,20.4,22.5,935,0.97,11.1,22.1,276,7.91,90.4,22.2,478,5.81,66.6,22.3,642,1.78,20.4,22.3
838,1.58,18.2,22.4,934,2.14,24.6,22.4,736,1.83,21,22.5,936,0.99,11.3,22.1,278,7.95,91,22.2,480,5.85,67,22.3,644,1.84,21.1,22.3
840,1.62,18.6,22.4,936,2.2,25.3,22.4,738,1.89,21.7,22.5,937,1.02,11.6,22.1,280,7.99,91.4,22.2,482,5.85,67,22.3,646,1.9,21.8,22.3
842,1.66,19.1,22.4,938,2.26,26,22.4,740,1.95,22.4,22.5,938,1.04,11.9,22.1,282,8.03,91.9,22.2,484,5.86,67.1,22.3,648,1.96,22.5,22.3
844,1.7,19.6,22.4,940,2.32,26.6,22.4,742,2.01,23.1,22.5,939,1.07,12.2,22.1,284,8.1,92.7,22.2,486,5.89,67.5,22.3,650,2.02,23.2,22.3
846,1.74,20,22.4,942,2.37,27.3,22.4,744,2.07,23.8,22.5,940,1.1,12.5,22.1,286,8.17,93.5,22.2,488,5.94,68.1,22.3,652,2.08,23.9,22.3
848,1.79,20.5,22.4,944,2.43,28,22.4,746,2.13,24.5,22.5,941,1.12,12.8,22.1,288,8.22,94.1,22.2,490,5.98,68.6,22.3,654,2.14,24.6,22.3
850,1.83,21,22.4,946,2.5,28.7,22.4,748,2.18,25.1,22.4,942,1.15,13.1,22.1,290,8.24,94.3,22.2,492,6.02,69,22.3,656,2.2,25.2,22.3
852,1.87,21.5,22.4,948,2.56,29.4,22.4,750,2.23,25.6,22.5,943,1.17,13.4,22.1,292,8.23,94.1,22.2,494,6.09,69.8,22.3,658,2.25,25.8,22.3
854,1.92,22,22.4,950,2.62,30.1,22.4,752,2.28,26.3,22.5,944,1.2,13.7,22.1,294,8.18,93.7,22.2,496,6.16,70.6,22.3,660,2.3,26.4,22.3
856,1.96,22.5,22.4,952,2.68,30.8,22.4,754,2.34,26.9,22.5,945,1.23,14,22.1,296,8.15,93.3,22.2,498,6.22,71.3,22.3,662,2.36,27.1,22.3
858,2.01,23.1,22.4,954,2.74,31.5,22.4,756,2.4,27.6,22.5,946,1.25,14.3,22.1,298,8.13,93.1,22.2,,,,,664,2.43,27.9,22.3
860,2.05,23.5,22.4,956,2.81,32.3,22.4,758,2.46,28.3,22.5,947,1.28,14.6,22.1,300,8.11,92.8,22.2,,,,,666,2.49,28.6,22.3
862,2.09,24,22.4,958,2.87,33,22.4,760,2.52,29,22.5,948,1.31,14.9,22.1,302,8.09,92.6,22.2,,,,,668,2.55,29.2,22.3
864,2.13,24.4,22.4,960,2.92,33.6,22.4,762,2.58,29.7,22.5,949,1.33,15.2,22.1,304,8.09,92.5,22.2,,,,,670,2.6,29.8,22.3
866,2.17,24.9,22.4,962,2.97,34.1,22.4,764,2.64,30.4,22.4,950,1.36,15.5,22.1,306,8.12,92.9,22.2,,,,,672,2.65,30.4,22.3
868,2.2,25.3,22.4,964,3.01,34.6,22.4,766,2.71,31.1,22.4,951,1.39,15.9,22.1,308,8.16,93.3,22.2,,,,,674,2.71,31.1,22.3
870,2.24,25.7,22.4,966,3.06,35.2,22.4,768,2.77,31.8,22.4,952,1.42,16.2,22.1,310,8.17,93.5,22.2,,,,,676,2.77,31.8,22.3
872,2.29,26.2,22.4,968,3.11,35.8,22.4,770,2.83,32.5,22.5,953,1.45,16.5,22.1,312,8.17,93.5,22.2,,,,,678,2.83,32.4,22.3
874,2.34,26.9,22.4,970,3.18,36.5,22.4,772,2.88,33.2,22.5,954,1.47,16.8,22.1,314,8.16,93.4,22.2,,,,,680,2.88,33.1,22.3
876,2.39,27.5,22.4,972,3.24,37.2,22.4,774,2.94,33.9,22.4,955,1.5,17.1,22.1,316,8.15,93.3,22.2,,,,,682,2.94,33.7,22.3
878,2.44,28,22.4,974,3.3,37.9,22.4,776,3.01,34.6,22.4,956,1.53,17.4,22.1,318,8.15,93.2,22.2,,,,,684,3,34.4,22.3
880,2.47,28.4,22.4,976,3.36,38.6,22.4,778,3.08,35.5,22.5,957,1.55,17.7,22.1,320,8.16,93.4,22.2,,,,,686,3.05,35,22.3
882,2.51,28.8,22.4,978,3.41,39.2,22.4,780,3.15,36.2,22.5,958,1.58,18,22.1,322,8.2,93.8,22.2,,,,,688,3.1,35.5,22.3
884,2.55,29.3,22.4,980,3.47,39.9,22.4,782,3.21,36.9,22.5,959,1.61,18.4,22.1,324,8.24,94.3,22.2,,,,,690,3.15,36.1,22.3
886,2.59,29.7,22.4,982,3.52,40.5,22.4,784,3.26,37.5,22.4,960,1.64,18.7,22.1,326,8.26,94.6,22.2,,,,,692,3.2,36.7,22.3
888,2.63,30.2,22.4,984,3.57,41,22.4,786,3.31,38.1,22.4,961,1.67,19.1,22.1,328,8.27,94.6,22.2,,,,,694,3.25,37.3,22.3
890,2.67,30.7,22.4,986,3.61,41.5,22.4,788,3.36,38.6,22.4,962,1.7,19.4,22.1,330,8.28,94.7,22.2,,,,,696,3.31,37.9,22.3
892,2.71,31.2,22.4,988,3.65,42,22.4,790,3.41,39.2,22.4,963,1.73,19.8,22.1,332,8.28,94.7,22.2,,,,,698,3.36,38.5,22.3
894,2.76,31.7,22.4,990,3.7,42.5,22.4,792,3.44,39.6,22.4,964,1.76,20.1,22.1,334,8.27,94.6,22.2,,,,,700,3.41,39.1,22.3
896,2.8,32.2,22.4,992,3.74,42.9,22.4,794,3.48,40,22.4,965,1.79,20.5,22.1,336,8.26,94.5,22.2,,,,,702,3.46,39.6,22.3
898,2.85,32.7,22.4,994,3.78,43.4,22.4,796,3.53,40.6,22.4,966,1.82,20.8,22.1,338,8.27,94.7,22.2,,,,,704,3.5,40.2,22.3
900,2.9,33.2,22.4,996,3.83,44,22.4,798,3.58,41.2,22.5,967,1.85,21.1,22,340,8.3,95,22.2,,,,,706,3.55,40.8,22.3
902,2.94,33.8,22.4,998,3.88,44.5,22.4,800,3.64,41.9,22.5,968,1.88,21.4,22,342,8.31,95,22.2,,,,,708,3.6,41.3,22.3
904,2.98,34.3,22.4,1000,3.92,45.1,22.4,802,3.71,42.6,22.5,969,1.9,21.7,22,344,8.29,94.8,22.2,,,,,710,3.65,41.9,22.3
906,3.02,34.6,22.4,1002,3.97,45.6,22.4,804,3.76,43.2,22.4,970,1.93,22.1,22,346,8.25,94.5,22.2,,,,,712,3.7,42.4,22.3
908,3.05,35,22.4,1004,4.01,46.1,22.4,806,3.79,43.6,22.4,971,1.96,22.4,22.1,348,8.22,94,22.2,,,,,714,3.75,43,22.3
910,3.08,35.4,22.4,1006,4.05,46.5,22.4,808,3.84,44.1,22.4,972,1.98,22.6,22.1,350,8.21,94,22.2,,,,,716,3.8,43.6,22.3
912,3.13,35.9,22.4,1008,4.09,47,22.4,810,3.89,44.7,22.4,973,2.01,22.9,22.1,352,8.26,94.5,22.2,,,,,718,3.85,44.2,22.3
914,3.18,36.5,22.4,1010,4.12,47.3,22.4,812,3.95,45.4,22.5,974,2.03,23.2,22.1,354,8.32,95.2,22.2,,,,,720,3.9,44.8,22.3
916,3.22,37,22.4,1012,4.15,47.7,22.4,814,4,46,22.5,975,2.06,23.5,22.1,356,8.35,95.5,22.2,,,,,722,3.94,45.2,22.3
918,3.25,37.3,22.4,1014,4.19,48.2,22.4,816,4.06,46.7,22.5,976,2.08,23.8,22.1,358,8.34,95.5,22.2,,,,,724,3.99,45.7,22.3
920,3.28,37.7,22.4,1016,4.25,48.8,22.4,818,4.12,47.3,22.4,977,2.11,24.1,22.1,360,8.33,95.3,22.2,,,,,726,4.03,46.3,22.3
922,3.31,38,22.4,1018,4.3,49.4,22.4,820,4.17,47.9,22.4,978,2.13,24.3,22.1,362,8.29,94.9,22.2,,,,,728,4.08,46.8,22.3
924,3.34,38.4,22.4,1020,4.35,50,22.4,822,4.22,48.5,22.4,979,2.16,24.6,22.1,364,8.27,94.6,22.2,,,,,730,4.13,47.3,22.3
926,3.38,38.8,22.4,1022,4.4,50.6,22.4,824,4.27,49.1,22.5,980,2.19,24.9,22.1,366,8.26,94.5,22.2,,,,,732,4.17,47.8,22.3
928,3.41,39.2,22.4,1024,4.44,51,22.4,826,4.32,49.6,22.4,981,2.21,25.3,22,368,8.26,94.5,22.2,,,,,734,4.21,48.4,22.3
930,3.44,39.5,22.4,1026,4.47,51.4,22.4,828,4.36,50.1,22.5,982,2.24,25.6,22,370,8.26,94.5,22.2,,,,,736,4.27,49,22.3
932,3.46,39.7,22.4,1028,4.5,51.7,22.4,830,4.41,50.7,22.4,983,2.27,25.9,22,372,8.28,94.8,22.2,,,,,738,4.32,49.5,22.3
934,3.48,40,22.4,1030,4.53,52,22.4,832,4.45,51.2,22.5,984,2.29,26.2,22,374,8.31,95.1,22.2,,,,,740,4.36,50,22.3
936,3.51,40.3,22.4,1032,4.56,52.4,22.4,834,4.49,51.6,22.4,985,2.32,26.4,22,376,8.33,95.4,22.2,,,,,742,4.4,50.5,22.3
938,3.56,40.9,22.4,1034,4.59,52.7,22.4,836,4.52,52,22.5,986,2.34,26.7,22,378,8.33,95.3,22.2,,,,,744,4.45,51,22.3
940,3.61,41.4,22.4,1036,4.62,53.1,22.4,838,4.56,52.5,22.4,987,2.36,27,22.1,380,8.31,95.1,22.2,,,,,746,4.49,51.5,22.3
942,3.66,42,22.4,1038,4.65,53.4,22.4,840,4.62,53.1,22.5,988,2.39,27.3,22.1,382,8.31,95.1,22.2,,,,,748,4.54,52.1,22.3
944,3.7,42.4,22.4,1040,4.68,53.8,22.4,842,4.67,53.7,22.4,989,2.42,27.6,22,384,8.32,95.2,22.2,,,,,750,4.59,52.6,22.3
946,3.74,42.9,22.4,1042,4.73,54.3,22.4,844,4.73,54.4,22.4,990,2.44,27.9,22,386,8.33,95.3,22.2,,,,,752,4.63,53.1,22.3
948,3.77,43.3,22.4,1044,4.77,54.8,22.4,846,4.78,54.9,22.4,991,2.47,28.2,22,388,8.35,95.5,22.2,,,,,754,4.67,53.6,22.3
950,3.81,43.8,22.4,1046,4.8,55.2,22.4,848,4.83,55.6,22.4,992,2.5,28.5,22,390,8.38,95.9,22.2,,,,,756,4.71,54.1,22.3
952,3.85,44.2,22.4,1048,4.83,55.6,22.4,850,4.89,56.2,22.4,993,2.52,28.8,22.1,392,8.41,96.2,22.2,,,,,758,4.75,54.5,22.3
954,3.89,44.7,22.4,1050,4.88,56.1,22.4,852,4.93,56.7,22.4,994,2.55,29.1,22.1,394,8.45,96.7,22.2,,,,,760,4.78,54.9,22.3
956,3.93,45.2,22.4,1052,4.93,56.7,22.4,854,4.96,57.1,22.4,995,2.57,29.4,22.1,396,8.48,97.1,22.2,,,,,762,4.82,55.3,22.3
958,3.97,45.6,22.4,1054,4.99,57.3,22.4,856,5,57.5,22.4,996,2.6,29.7,22.1,,,,,,,,,764,4.86,55.8,22.3
960,4,45.9,22.4,1056,5.03,57.8,22.4,858,5.04,58,22.5,997,2.63,30,22,,,,,,,,,766,4.9,56.2,22.3
962,4.03,46.3,22.4,1058,5.08,58.4,22.4,860,5.08,58.4,22.5,998,2.65,30.3,22,,,,,,,,,768,4.93,56.6,22.3
964,4.05,46.5,22.4,1060,5.14,59,22.4,862,5.11,58.8,22.5,999,2.68,30.6,22,,,,,,,,,770,4.96,57,22.3
966,4.07,46.7,22.4,1062,5.19,59.6,22.4,864,5.16,59.3,22.5,1000,2.71,30.9,22,,,,,,,,,772,4.99,57.3,22.3
968,4.09,47,22.4,1064,5.21,59.9,22.4,866,5.2,59.8,22.5,1001,2.74,31.3,22,,,,,,,,,774,5.03,57.7,22.3
970,4.12,47.3,22.4,1066,5.23,60.1,22.4,868,5.21,59.9,22.5,1002,2.77,31.7,22.1,,,,,,,,,776,5.06,58,22.3
972,4.14,47.5,22.4,1068,5.26,60.5,22.4,870,5.21,59.9,22.5,1003,2.81,32,22.1,,,,,,,,,778,5.09,58.4,22.3
974,4.17,47.8,22.4,1070,5.3,60.9,22.4,872,5.22,60,22.5,1004,2.84,32.4,22.1,,,,,,,,,780,5.11,58.7,22.3
976,4.19,48.1,22.4,1072,5.33,61.3,22.4,874,5.26,60.4,22.5,1005,2.87,32.7,22.1,,,,,,,,,782,5.15,59,22.3
978,4.22,48.5,22.4,1074,5.37,61.7,22.4,876,5.31,61.1,22.5,1006,2.9,33.1,22.1,,,,,,,,,784,5.18,59.4,22.3
980,4.26,48.9,22.4,1076,5.41,62.2,22.4,878,5.36,61.7,22.4,1007,2.92,33.4,22.1,,,,,,,,,786,5.22,59.9,22.3
982,4.29,49.3,22.4,1078,5.45,62.6,22.4,880,5.4,62.1,22.5,1008,2.95,33.6,22.1,,,,,,,,,788,5.25,60.3,22.3
984,4.32,49.6,22.4,1080,5.48,63,22.4,882,5.42,62.3,22.4,1009,2.97,33.9,22.1,,,,,,,,,790,5.29,60.7,22.3
986,4.34,49.9,22.4,1082,5.51,63.3,22.4,884,5.45,62.7,22.4,1010,2.99,34.2,22.1,,,,,,,,,792,5.32,61.1,22.3
988,4.37,50.2,22.4,1084,5.53,63.6,22.4,886,5.5,63.3,22.4,1011,3.02,34.4,22.1,,,,,,,,,794,5.36,61.5,22.3
990,4.4,50.5,22.4,1086,5.56,63.9,22.4,888,5.56,64,22.4,1012,3.04,34.7,22.1,,,,,,,,,796,5.4,61.9,22.3
992,4.43,50.8,22.4,1088,5.59,64.2,22.4,890,5.62,64.6,22.5,1013,3.06,34.9,22.1,,,,,,,,,798,5.43,62.3,22.3
994,4.46,51.2,22.4,1090,5.62,64.6,22.4,892,5.64,64.9,22.5,1014,3.08,35.2,22.1,,,,,,,,,800,5.47,62.8,22.3
996,4.49,51.6,22.4,1092,5.66,65.1,22.4,894,5.65,64.9,22.5,1015,3.11,35.5,22.1,,,,,,,,,802,5.52,63.3,22.3
998,4.53,52,22.4,1094,5.7,65.5,22.4,896,5.66,65.1,22.4,1016,3.14,35.8,22.1,,,,,,,,,804,5.55,63.7,22.3
1000,4.56,52.4,22.4,1096,5.72,65.7,22.4,898,5.7,65.6,22.4,1017,3.17,36.1,22.1,,,,,,,,,806,5.58,64,22.3
1002,4.6,52.8,22.4,1098,5.72,65.8,22.4,900,5.74,66,22.4,1018,3.2,36.5,22.1,,,,,,,,,808,5.61,64.3,22.3
1004,4.63,53.2,22.4,1100,5.74,65.9,22.4,902,5.76,66.3,22.4,1019,3.22,36.8,22,,,,,,,,,810,5.65,64.8,22.3
1006,4.66,53.5,22.4,1102,5.75,66.1,22.4,904,5.79,66.6,22.4,1020,3.25,37.1,22,,,,,,,,,812,5.69,65.3,22.3
1008,4.68,53.8,22.4,1104,5.77,66.3,22.4,906,5.84,67.1,22.4,1021,3.27,37.3,22,,,,,,,,,814,5.73,65.8,22.3
1010,4.71,54.1,22.4,1106,5.79,66.5,22.4,908,5.89,67.7,22.4,1022,3.29,37.5,22,,,,,,,,,816,5.76,66.1,22.3
1012,4.75,54.5,22.4,1108,5.81,66.8,22.4,910,5.93,68.2,22.4,1023,3.31,37.7,22,,,,,,,,,818,5.78,66.4,22.3
1014,4.79,55,22.4,1110,5.85,67.2,22.4,912,5.99,68.8,22.4,1024,3.33,38,22.1,,,,,,,,,820,5.81,66.7,22.3
1016,4.82,55.3,22.4,1112,5.87,67.4,22.4,914,6.03,69.4,22.4,1025,3.35,38.3,22,,,,,,,,,822,5.83,67,22.3
1018,4.84,55.6,22.4,1114,5.89,67.7,22.4,916,6.06,69.7,22.4,1026,3.38,38.5,22.1,,,,,,,,,824,5.86,67.3,22.3
1020,4.85,55.7,22.4,1116,5.94,68.2,22.4,918,6.08,70,22.4,1027,3.4,38.8,22.1,,,,,,,,,826,5.9,67.7,22.3
1022,4.87,55.9,22.4,1118,5.99,68.8,22.4,920,6.11,70.3,22.4,1028,3.43,39.1,22.1,,,,,,,,,828,5.94,68.1,22.3
1024,4.89,56.2,22.4,1120,6.03,69.3,22.4,922,6.14,70.7,22.4,1029,3.45,39.4,22.1,,,,,,,,,830,5.97,68.5,22.3
1026,4.91,56.4,22.4,1122,6.06,69.6,22.4,924,6.17,71,22.5,1030,3.48,39.7,22.1,,,,,,,,,832,6,68.8,22.3
1028,4.94,56.7,22.4,1124,6.09,70,22.4,926,6.19,71.2,22.5,1031,3.51,40,22.1,,,,,,,,,834,6.01,69,22.3
1030,4.97,57,22.4,1126,6.14,70.5,22.4,928,6.21,71.4,22.4,1032,3.54,40.4,22,,,,,,,,,836,6.03,69.2,22.3
1032,5,57.4,22.4,1128,6.18,71,22.4,930,6.22,71.5,22.4,1033,3.57,40.7,22,,,,,,,,,838,6.05,69.4,22.3
1034,5.02,57.7,22.4,1130,6.22,71.5,22.4,932,6.21,71.5,22.4,1034,3.59,41,22,,,,,,,,,840,6.07,69.7,22.3
1036,5.05,58,22.4,1132,6.26,71.9,22.4,934,6.22,71.5,22.5,1035,3.62,41.3,22.1,,,,,,,,,842,6.1,70,22.3
1038,5.09,58.5,22.4,1134,6.28,72.2,22.4,936,6.23,71.7,22.4,1036,3.65,41.6,22,,,,,,,,,844,6.11,70.2,22.3
1040,5.13,58.9,22.4,1136,6.3,72.3,22.4,938,6.25,71.8,22.4,1037,3.67,41.9,22.1,,,,,,,,,846,6.13,70.4,22.3
1042,5.17,59.3,22.4,1138,6.3,72.4,22.4,940,6.26,72,22.4,1038,3.69,42.1,22.1,,,,,,,,,848,6.15,70.6,22.3
1044,5.19,59.6,22.4,1140,6.32,72.6,22.4,942,6.27,72.1,22.4,1039,3.71,42.4,22.1,,,,,,,,,850,6.18,70.9,22.3
1046,5.21,59.9,22.4,1142,6.34,72.9,22.4,944,6.29,72.3,22.4,1040,3.74,42.7,22.1,,,,,,,,,852,6.21,71.2,22.3
1048,5.22,60,22.4,1144,6.38,73.3,22.4,946,6.32,72.7,22.4,1041,3.77,43,22.1,,,,,,,,,854,6.24,71.6,22.3
1050,5.22,59.9,22.4,1146,6.41,73.6,22.4,948,6.35,73,22.4,1042,3.8,43.3,22.1,,,,,,,,,856,6.27,71.9,22.3
1052,5.2,59.6,22.4,1148,6.43,73.9,22.4,950,6.37,73.2,22.4,1043,3.82,43.6,22,,,,,,,,,858,6.3,72.3,22.3
1054,5.19,59.5,22.4,1150,6.45,74.1,22.4,952,6.39,73.5,22.4,1044,3.85,43.9,22,,,,,,,,,860,6.32,72.5,22.3
1056,5.2,59.7,22.4,1152,6.48,74.4,22.4,954,6.41,73.7,22.4,1045,3.87,44.2,22,,,,,,,,,862,6.33,72.7,22.3
1058,5.23,60,22.4,1154,6.49,74.6,22.4,956,6.41,73.7,22.4,1046,3.89,44.4,22,,,,,,,,,864,6.35,72.8,22.3
1060,5.26,60.4,22.4,1156,6.51,74.8,22.4,958,6.41,73.7,22.5,1047,3.91,44.6,22,,,,,,,,,866,6.36,73,22.3
1062,5.3,60.8,22.4,1158,6.53,75,22.4,960,6.43,73.9,22.5,1048,3.93,44.9,22,,,,,,,,,868,6.38,73.3,22.3
1064,5.33,61.2,22.4,,,,,962,6.47,74.4,22.4,1049,3.95,45.1,22.1,,,,,,,,,870,6.4,73.5,22.3
1066,5.37,61.7,22.4,,,,,,,,,1050,3.97,45.3,22.1,,,,,,,,,872,6.42,73.7,22.3
1068,5.42,62.2,22.4,,,,,,,,,1051,3.99,45.5,22.1,,,,,,,,,874,6.44,73.9,22.3
1070,5.45,62.6,22.4,,,,,,,,,1052,4.01,45.8,22.1,,,,,,,,,876,6.46,74.1,22.3
1072,5.47,62.8,22.4,,,,,,,,,1053,4.03,46,22.1,,,,,,,,,878,6.47,74.3,22.3
1074,5.48,62.9,22.4,,,,,,,,,1054,4.05,46.2,22,,,,,,,,,880,6.48,74.4,22.3
1076,5.51,63.2,22.4,,,,,,,,,1055,4.07,46.5,22,,,,,,,,,882,6.51,74.7,22.3
1078,5.53,63.5,22.4,,,,,,,,,1056,4.09,46.7,22,,,,,,,,,884,6.54,75.1,22.3
1080,5.55,63.7,22.4,,,,,,,,,1057,4.12,47,22,,,,,,,,,886,6.59,75.6,22.3
1082,5.56,63.9,22.4,,,,,,,,,1058,4.14,47.2,22,,,,,,,,,888,6.63,76.1,22.3
1084,5.6,64.3,22.4,,,,,,,,,1059,4.16,47.5,22,,,,,,,,,890,6.66,76.5,22.3
1086,5.64,64.7,22.4,,,,,,,,,1060,4.18,47.8,22.1,,,,,,,,,892,6.68,76.6,22.3
1088,5.66,65,22.4,,,,,,,,,1061,4.21,48.1,22.1,,,,,,,,,894,6.69,76.8,22.3
1090,5.67,65.1,22.4,,,,,,,,,1062,4.24,48.4,22.1,,,,,,,,,896,6.71,77.1,22.3
1092,5.68,65.2,22.4,,,,,,,,,1063,4.26,48.6,22.1,,,,,,,,,898,6.74,77.3,22.3
1094,5.7,65.4,22.4,,,,,,,,,1064,4.28,48.8,22,,,,,,,,,900,6.77,77.6,22.3
1096,5.73,65.7,22.4,,,,,,,,,1065,4.3,49.1,22,,,,,,,,,902,6.8,78,22.3
1098,5.75,66.1,22.4,,,,,,,,,1066,4.32,49.3,22,,,,,,,,,904,6.83,78.4,22.3
1100,5.78,66.3,22.4,,,,,,,,,1067,4.34,49.6,22,,,,,,,,,906,6.86,78.7,22.3
1102,5.79,66.5,22.4,,,,,,,,,1068,4.37,49.8,22.1,,,,,,,,,908,6.87,78.8,22.3
1104,5.81,66.6,22.4,,,,,,,,,1069,4.39,50.1,22.1,,,,,,,,,910,6.88,78.9,22.3
1106,5.83,67,22.4,,,,,,,,,1070,4.42,50.4,22.1,,,,,,,,,912,6.89,79.1,22.3
1108,5.85,67.2,22.4,,,,,,,,,1071,4.44,50.7,22.1,,,,,,,,,914,6.91,79.3,22.3
1110,5.85,67.2,22.4,,,,,,,,,1072,4.47,51,22.1,,,,,,,,,916,6.94,79.6,22.3
1112,5.86,67.3,22.4,,,,,,,,,1073,4.49,51.2,22.1,,,,,,,,,918,6.97,80,22.3
,,,,,,,,,,,,1074,4.5,51.4,22,,,,,,,,,920,7,80.3,22.3
,,,,,,,,,,,,1075,4.52,51.6,22.1,,,,,,,,,922,7.02,80.6,22.3
,,,,,,,,,,,,1076,4.53,51.7,22.1,,,,,,,,,924,7.04,80.8,22.3
,,,,,,,,,,,,1077,4.55,51.9,22,,,,,,,,,926,7.06,81,22.3
,,,,,,,,,,,,1078,4.56,52,22,,,,,,,,,928,7.07,81.2,22.3
,,,,,,,,,,,,1079,4.58,52.3,22,,,,,,,,,930,7.09,81.4,22.3
,,,,,,,,,,,,1080,4.6,52.5,22,,,,,,,,,932,7.11,81.6,22.3
,,,,,,,,,,,,1081,4.63,52.8,22,,,,,,,,,934,7.13,81.8,22.3
,,,,,,,,,,,,1082,4.66,53.1,22,,,,,,,,,936,7.14,82,22.3
,,,,,,,,,,,,1083,4.68,53.4,22,,,,,,,,,938,7.17,82.2,22.3
,,,,,,,,,,,,1084,4.7,53.6,22,,,,,,,,,940,7.18,82.4,22.3
,,,,,,,,,,,,1085,4.71,53.8,22,,,,,,,,,,,,
,,,,,,,,,,,,1086,4.73,53.9,22,,,,,,,,,,,,
,,,,,,,,,,,,1087,4.74,54.1,22,,,,,,,,,,,,
,,,,,,,,,,,,1088,4.76,54.4,22,,,,,,,,,,,,
,,,,,,,,,,,,1089,4.79,54.6,22,,,,,,,,,,,,
,,,,,,,,,,,,1090,4.81,54.9,22,,,,,,,,,,,,
,,,,,,,,,,,,1091,4.84,55.2,22.1,,,,,,,,,,,,
,,,,,,,,,,,,1092,4.86,55.5,22.1,,,,,,,,,,,,
,,,,,,,,,,,,1093,4.88,55.7,22.1,,,,,,,,,,,,
,,,,,,,,,,,,1094,4.9,55.9,22.1,,,,,,,,,,,,
,,,,,,,,,,,,1095,4.9,56,22.1,,,,,,,,,,,,
,,,,,,,,,,,,1096,4.91,56,22.1,,,,,,,,,,,,
,,,,,,,,,,,,1097,4.92,56.1,22.1,,,,,,,,,,,,
,,,,,,,,,,,,1098,4.93,56.2,22,,,,,,,,,,,,
,,,,,,,,,,,,1099,4.94,56.4,22,,,,,,,,,,,,
,,,,,,,,,,,,1100,4.96,56.6,22.1,,,,,,,,,,,,
,,,,,,,,,,,,1101,4.98,56.9,22.1,,,,,,,,,,,,
,,,,,,,,,,,,1102,5.01,57.2,22,,,,,,,,,,,,
,,,,,,,,,,,,1103,5.04,57.5,22,,,,,,,,,,,,
,,,,,,,,,,,,1104,5.06,57.8,22.1,,,,,,,,,,,,
,,,,,,,,,,,,1105,5.09,58.1,22,,,,,,,,,,,,
,,,,,,,,,,,,1106,5.11,58.3,22,,,,,,,,,,,,
,,,,,,,,,,,,1107,5.14,58.6,22.1,,,,,,,,,,,,
,,,,,,,,,,,,1108,5.15,58.8,22.1,,,,,,,,,,,,
,,,,,,,,,,,,1109,5.17,59,22,,,,,,,,,,,,
,,,,,,,,,,,,1110,5.18,59.1,22.1,,,,,,,,,,,,
,,,,,,,,,,,,1111,5.2,59.3,22.1,,,,,,,,,,,,
,,,,,,,,,,,,1112,5.21,59.4,22.1,,,,,,,,,,,,
,,,,,,,,,,,,1113,5.22,59.6,22.1,,,,,,,,,,,,
,,,,,,,,,,,,1114,5.23,59.7,22.1,,,,,,,,,,,,
,,,,,,,,,,,,1115,5.25,59.9,22.1,,,,,,,,,,,,
,,,,,,,,,,,,1116,5.26,60.1,22.1,,,,,,,,,,,,
,,,,,,,,,,,,1117,5.28,60.2,22.1,,,,,,,,,,,,
,,,,,,,,,,,,1118,5.29,60.4,22,,,,,,,,,,,,
,,,,,,,,,,,,1119,5.31,60.6,22,,,,,,,,,,,,
,,,,,,,,,,,,1120,5.32,60.7,22,,,,,,,,,,,,
,,,,,,,,,,,,1121,5.33,60.8,22,,,,,,,,,,,,
,,,,,,,,,,,,1122,5.34,61,22,,,,,,,,,,,,
,,,,,,,,,,,,1123,5.35,61,22,,,,,,,,,,,,
,,,,,,,,,,,,1124,5.36,61.1,22.1,,,,,,,,,,,,
,,,,,,,,,,,,1125,5.37,61.2,22.1,,,,,,,,,,,,
,,,,,,,,,,,,1126,5.38,61.3,22.1,,,,,,,,,,,,
,,,,,,,,,,,,1127,5.39,61.5,22,,,,,,,,,,,,
,,,,,,,,,,,,1128,5.4,61.6,22,,,,,,,,,,,,
,,,,,,,,,,,,1129,5.41,61.7,22,,,,,,,,,,,,
,,,,,,,,,,,,1130,5.42,61.9,22,,,,,,,,,,,,
,,,,,,,,,,,,1131,5.44,62.1,22,,,,,,,,,,,,
,,,,,,,,,,,,1132,5.46,62.3,22,,,,,,,,,,,,
,,,,,,,,,,,,1133,5.48,62.5,22.1,,,,,,,,,,,,
,,,,,,,,,,,,1134,5.5,62.7,22.1,,,,,,,,,,,,
,,,,,,,,,,,,1135,5.51,62.9,22.1,,,,,,,,,,,,
,,,,,,,,,,,,1136,5.53,63.1,22.1,,,,,,,,,,,,
,,,,,,,,,,,,1137,5.55,63.3,22.1,,,,,,,,,,,,
,,,,,,,,,,,,1138,5.56,63.5,22,,,,,,,,,,,,
,,,,,,,,,,,,1139,5.58,63.6,22,,,,,,,,,,,,
,,,,,,,,,,,,1140,5.59,63.8,22,,,,,,,,,,,,
,,,,,,,,,,,,1141,5.61,64,22,,,,,,,,,,,,
,,,,,,,,,,,,1142,5.63,64.2,22,,,,,,,,,,,,
,,,,,,,,,,,,1143,5.65,64.4,22,,,,,,,,,,,,
,,,,,,,,,,,,1144,5.67,64.7,22,,,,,,,,,,,,
,,,,,,,,,,,,1145,5.69,64.9,22,,,,,,,,,,,,
,,,,,,,,,,,,1146,5.71,65.2,22,,,,,,,,,,,,
,,,,,,,,,,,,1147,5.74,65.5,22,,,,,,,,,,,,
,,,,,,,,,,,,1148,5.76,65.7,22,,,,,,,,,,,,
,,,,,,,,,,,,1149,5.79,66,22,,,,,,,,,,,,
,,,,,,,,,,,,1150,5.81,66.3,22,,,,,,,,,,,,
,,,,,,,,,,,,1151,5.83,66.6,22,,,,,,,,,,,,
,,,,,,,,,,,,1152,5.85,66.8,22,,,,,,,,,,,,
,,,,,,,,,,,,1153,5.86,66.9,22,,,,,,,,,,,,
,,,,,,,,,,,,1154,5.87,66.9,22,,,,,,,,,,,,
,,,,,,,,,,,,1155,5.87,66.9,22.1,,,,,,,,,,,,
,,,,,,,,,,,,1156,5.86,66.9,22,,,,,,,,,,,,
,,,,,,,,,,,,1157,5.86,66.9,22.1,,,,,,,,,,,,
,,,,,,,,,,,,1158,5.87,67,22.1,,,,,,,,,,,,
,,,,,,,,,,,,1159,5.89,67.2,22.1,,,,,,,,,,,,
,,,,,,,,,,,,1160,5.91,67.4,22,,,,,,,,,,,,
,,,,,,,,,,,,1161,5.94,67.8,22,,,,,,,,,,,,
,,,,,,,,,,,,1162,5.97,68.2,22,,,,,,,,,,,,
,,,,,,,,,,,,1163,6,68.5,22.1,,,,,,,,,,,,
,,,,,,,,,,,,1164,6.02,68.7,22,,,,,,,,,,,,
,,,,,,,,,,,,1165,6.04,68.9,22,,,,,,,,,,,,
,,,,,,,,,,,,1166,6.04,69,22,,,,,,,,,,,,
,,,,,,,,,,,,1167,6.05,69,22,,,,,,,,,,,,
,,,,,,,,,,,,1168,6.06,69.1,22,,,,,,,,,,,,
,,,,,,,,,,,,1169,6.07,69.2,22,,,,,,,,,,,,
,,,,,,,,,,,,1170,6.08,69.3,22,,,,,,,,,,,,
,,,,,,,,,,,,1171,6.08,69.4,22,,,,,,,,,,,,
,,,,,,,,,,,,1172,6.08,69.4,22,,,,,,,,,,,,
,,,,,,,,,,,,1173,6.08,69.4,22,,,,,,,,,,,,
,,,,,,,,,,,,1174,6.09,69.5,22,,,,,,,,,,,,
,,,,,,,,,,,,1175,6.09,69.5,22,,,,,,,,,,,,
,,,,,,,,,,,,1176,6.1,69.6,22,,,,,,,,,,,,
,,,,,,,,,,,,1177,6.11,69.7,22,,,,,,,,,,,,
,,,,,,,,,,,,1178,6.12,69.8,22,,,,,,,,,,,,
,,,,,,,,,,,,1179,6.13,69.9,22.1,,,,,,,,,,,,
,,,,,,,,,,,,1180,6.14,70.1,22.1,,,,,,,,,,,,
,,,,,,,,,,,,1181,6.16,70.3,22.1,,,,,,,,,,,,
,,,,,,,,,,,,1182,6.17,70.4,22.1,,,,,,,,,,,,
,,,,,,,,,,,,1183,6.17,70.5,22.1,,,,,,,,,,,,
,,,,,,,,,,,,1184,6.17,70.5,22.1,,,,,,,,,,,,
,,,,,,,,,,,,1185,6.18,70.5,22.1,,,,,,,,,,,,
,,,,,,,,,,,,1186,6.19,70.6,22.1,,,,,,,,,,,,
,,,,,,,,,,,,1187,6.2,70.7,22,,,,,,,,,,,,
,,,,,,,,,,,,1188,6.22,70.9,22.1,,,,,,,,,,,,
,,,,,,,,,,,,1189,6.23,71.1,22.1,,,,,,,,,,,,
,,,,,,,,,,,,1190,6.25,71.3,22,,,,,,,,,,,,
,,,,,,,,,,,,1191,6.25,71.4,22,,,,,,,,,,,,
,,,,,,,,,,,,1192,6.26,71.4,22,,,,,,,,,,,,
,,,,,,,,,,,,1193,6.26,71.5,22,,,,,,,,,,,,
,,,,,,,,,,,,1194,6.26,71.5,22,,,,,,,,,,,,
,,,,,,,,,,,,1195,6.27,71.6,22,,,,,,,,,,,,
,,,,,,,,,,,,1196,6.28,71.7,22,,,,,,,,,,,,
,,,,,,,,,,,,1197,6.29,71.8,22,,,,,,,,,,,,
,,,,,,,,,,,,1198,6.31,72,22,,,,,,,,,,,,
,,,,,,,,,,,,1199,6.33,72.2,22,,,,,,,,,,,,
,,,,,,,,,,,,1200,6.35,72.4,22,,,,,,,,,,,,
,,,,,,,,,,,,1201,6.37,72.7,22,,,,,,,,,,,,
,,,,,,,,,,,,1202,6.39,72.9,22,,,,,,,,,,,,
,,,,,,,,,,,,1203,6.41,73.1,22.1,,,,,,,,,,,,
,,,,,,,,,,,,1204,6.42,73.3,22.1,,,,,,,,,,,,
,,,,,,,,,,,,1205,6.44,73.5,22,,,,,,,,,,,,
,,,,,,,,,,,,1206,6.46,73.7,22,,,,,,,,,,,,
,,,,,,,,,,,,1207,6.47,73.9,22,,,,,,,,,,,,
,,,,,,,,,,,,1208,6.49,74,22,,,,,,,,,,,,
,,,,,,,,,,,,1209,6.5,74.2,22,,,,,,,,,,,,
,,,,,,,,,,,,1210,6.51,74.3,22,,,,,,,,,,,,
,,,,,,,,,,,,1211,6.52,74.4,22,,,,,,,,,,,,
,,,,,,,,,,,,1212,6.53,74.5,22,,,,,,,,,,,,
,,,,,,,,,,,,1213,6.54,74.6,22,,,,,,,,,,,,
,,,,,,,,,,,,1214,6.54,74.6,22,,,,,,,,,,,,
,,,,,,,,,,,,1215,6.55,74.8,22,,,,,,,,,,,,
,,,,,,,,,,,,1216,6.57,74.9,22,,,,,,,,,,,,
,,,,,,,,,,,,1217,6.59,75.2,22,,,,,,,,,,,,
,,,,,,,,,,,,1218,6.61,75.5,22,,,,,,,,,,,,
,,,,,,,,,,,,1219,6.65,75.9,22,,,,,,,,,,,,
,,,,,,,,,,,,1220,6.68,76.2,22.1,,,,,,,,,,,,
,,,,,,,,,,,,1221,6.71,76.6,22.1,,,,,,,,,,,,
,,,,,,,,,,,,1222,6.74,76.9,22.1,,,,,,,,,,,,
,,,,,,,,,,,,1223,6.77,77.3,22.1,,,,,,,,,,,,
,,,,,,,,,,,,1224,6.8,77.6,22.1,,,,,,,,,,,,
